experiment_id,run_id,param_tag,iter,evals_cost,normalized_evals,time_sec,temp,best_cost,current_cost
exp_001,GA_n30_inst0_run0,base,0,100,100.0,1.4170072972774506e-06,,1371.866970913774,1371.866970913774
exp_001,GA_n30_inst0_run0,base,10,1100,1100.0,0.026639125018846244,,856.2767939124357,856.2767939124357
exp_001,GA_n30_inst0_run0,base,20,2100,2100.0,0.05206066701794043,,634.2091476806338,634.2091476806338
exp_001,GA_n30_inst0_run0,base,30,3100,3100.0,0.07722858403576538,,609.8880185604852,609.8880185604852
exp_001,GA_n30_inst0_run0,base,40,4100,4100.0,0.1022987500182353,,589.3814641170651,589.3814641170651
exp_001,GA_n30_inst0_run0,base,50,5100,5100.0,0.12727795902173966,,588.783534209406,588.783534209406
exp_001,GA_n30_inst0_run0,base,60,6100,6100.0,0.15237012499710545,,573.0026051193047,573.0026051193047
exp_001,GA_n30_inst0_run0,base,70,7100,7100.0,0.17735541699221358,,569.7521760983491,569.7521760983491
exp_001,GA_n30_inst0_run0,base,80,8100,8100.0,0.20216045901179314,,569.7521760983491,569.7521760983491
exp_001,GA_n30_inst0_run0,base,90,9100,9100.0,0.22721199999796227,,569.7521760983491,569.7521760983491
exp_001,GA_n30_inst0_run0,base,100,10100,10100.0,0.25212729204213247,,569.7521760983491,569.7521760983491
exp_001,GA_n30_inst0_run0,base,110,11100,11100.0,0.27752725000027567,,568.0669810946229,568.0669810946229
exp_001,GA_n30_inst0_run0,base,120,12100,12100.0,0.3041359590133652,,567.374206287734,567.374206287734
exp_001,GA_n30_inst0_run0,base,130,13100,13100.0,0.3303108750260435,,554.9312946688332,554.9312946688332
exp_001,GA_n30_inst0_run0,base,140,14100,14100.0,0.3558538749930449,,554.9312946688332,554.9312946688332
exp_001,GA_n30_inst0_run0,base,150,15100,15100.0,0.38115679199108854,,554.9312946688332,554.9312946688332
exp_001,GA_n30_inst0_run0,base,160,16100,16100.0,0.4066118749906309,,554.9312946688332,554.9312946688332
exp_001,GA_n30_inst0_run0,base,170,17100,17100.0,0.43171283398987725,,554.9312946688332,554.9312946688332
exp_001,GA_n30_inst0_run0,base,180,18100,18100.0,0.4580327920266427,,554.9312946688332,554.9312946688332
exp_001,GA_n30_inst0_run0,base,190,19100,19100.0,0.4838078750181012,,554.9312946688332,554.9312946688332
exp_001,GA_n30_inst0_run0,base,200,20100,20100.0,0.5087565000285394,,554.9312946688332,554.9312946688332
exp_001,GA_n30_inst0_run0,base,210,21100,21100.0,0.5338487920234911,,554.9312946688332,554.9312946688332
exp_001,GA_n30_inst0_run0,base,220,22100,22100.0,0.5591666250256822,,554.9312946688332,554.9312946688332
exp_001,GA_n30_inst0_run0,base,230,23100,23100.0,0.5842460420099087,,554.9312946688332,554.9312946688332
exp_001,GA_n30_inst0_run0,base,240,24100,24100.0,0.6101492090383545,,554.9312946688332,554.9312946688332
exp_001,GA_n30_inst0_run0,base,250,25100,25100.0,0.6359727089875378,,554.9312946688332,554.9312946688332
exp_001,GA_n30_inst0_run0,base,260,26100,26100.0,0.6619145839940757,,554.9312946688332,554.9312946688332
exp_001,GA_n30_inst0_run0,base,270,27100,27100.0,0.68877520901151,,554.9312946688332,554.9312946688332
exp_001,GA_n30_inst0_run0,base,280,28100,28100.0,0.7156786670093425,,554.9312946688332,554.9312946688332
exp_001,GA_n30_inst0_run0,base,290,29100,29100.0,0.7420489590149373,,554.9312946688332,554.9312946688332
exp_001,GA_n30_inst0_run0,base,300,30100,30100.0,0.7683152090176009,,554.9312946688332,554.9312946688332
exp_001,GA_n30_inst0_run0,base,310,31100,31100.0,0.7943974999943748,,554.9312946688332,554.9312946688332
exp_001,GA_n30_inst0_run0,base,320,32100,32100.0,0.8201085419859737,,554.9312946688332,554.9312946688332
exp_001,GA_n30_inst0_run0,base,330,33100,33100.0,0.8458852919866331,,554.9312946688332,554.9312946688332
exp_001,GA_n30_inst0_run0,base,340,34100,34100.0,0.8721184590249322,,554.9312946688332,554.9312946688332
exp_001,GA_n30_inst0_run0,base,350,35100,35100.0,0.9002729170024395,,554.9312946688332,554.9312946688332
exp_001,GA_n30_inst0_run0,base,360,36100,36100.0,0.927920666988939,,544.5353179060922,544.5353179060922
exp_001,GA_n30_inst0_run0,base,370,37100,37100.0,0.9546089170034975,,544.5353179060922,544.5353179060922
exp_001,GA_n30_inst0_run0,base,380,38100,38100.0,0.9816843750304542,,544.5353179060922,544.5353179060922
exp_001,GA_n30_inst0_run0,base,390,39100,39100.0,1.0077259170357138,,544.5353179060922,544.5353179060922
exp_001,GA_n30_inst0_run0,base,400,40100,40100.0,1.0331369999912567,,544.5353179060922,544.5353179060922
exp_001,GA_n30_inst0_run0,base,410,41100,41100.0,1.058551208989229,,544.5353179060922,544.5353179060922
exp_001,GA_n30_inst0_run0,base,420,42100,42100.0,1.0840960839996114,,544.5353179060922,544.5353179060922
exp_001,GA_n30_inst0_run0,base,430,43100,43100.0,1.1102402920369059,,544.5353179060922,544.5353179060922
exp_001,GA_n30_inst0_run0,base,440,44100,44100.0,1.1356874170014635,,543.3999561374877,543.3999561374877
exp_001,GA_n30_inst0_run0,base,450,45100,45100.0,1.1626717920298688,,543.3999561374877,543.3999561374877
exp_001,GA_n30_inst0_run0,base,460,46100,46100.0,1.1887390000047162,,543.1352915689355,543.1352915689355
exp_001,GA_n30_inst0_run0,base,470,47100,47100.0,1.2178333339979872,,543.1352915689355,543.1352915689355
exp_001,GA_n30_inst0_run0,base,480,48100,48100.0,1.2480012500309385,,543.1352915689355,543.1352915689355
exp_001,GA_n30_inst0_run0,base,490,49100,49100.0,1.2759645000332966,,532.972135018842,532.972135018842
exp_001,GA_n30_inst0_run1,base,0,100,100.0,9.170034900307655e-07,,1306.6505362334508,1306.6505362334508
exp_001,GA_n30_inst0_run1,base,10,1100,1100.0,0.02643008402083069,,868.6807801179075,868.6807801179075
exp_001,GA_n30_inst0_run1,base,20,2100,2100.0,0.052436834026593715,,741.9100426692695,741.9100426692695
exp_001,GA_n30_inst0_run1,base,30,3100,3100.0,0.07854991703061387,,741.9100426692695,741.9100426692695
exp_001,GA_n30_inst0_run1,base,40,4100,4100.0,0.10431612498359755,,741.9100426692695,741.9100426692695
exp_001,GA_n30_inst0_run1,base,50,5100,5100.0,0.12982970901066437,,741.9100426692695,741.9100426692695
exp_001,GA_n30_inst0_run1,base,60,6100,6100.0,0.1559136250289157,,733.3736517945658,733.3736517945658
exp_001,GA_n30_inst0_run1,base,70,7100,7100.0,0.2331292920280248,,731.9586888165711,731.9586888165711
exp_001,GA_n30_inst0_run1,base,80,8100,8100.0,0.26338883402058855,,723.6113059897635,723.6113059897635
exp_001,GA_n30_inst0_run1,base,90,9100,9100.0,0.2900890000164509,,723.6113059897635,723.6113059897635
exp_001,GA_n30_inst0_run1,base,100,10100,10100.0,0.31613037502393126,,723.6113059897635,723.6113059897635
exp_001,GA_n30_inst0_run1,base,110,11100,11100.0,0.3427198749850504,,723.6113059897635,723.6113059897635
exp_001,GA_n30_inst0_run1,base,120,12100,12100.0,0.36966520902933553,,723.6113059897635,723.6113059897635
exp_001,GA_n30_inst0_run1,base,130,13100,13100.0,0.3966054589836858,,705.4798576883531,705.4798576883531
exp_001,GA_n30_inst0_run1,base,140,14100,14100.0,0.4226234999950975,,703.4072719340272,703.4072719340272
exp_001,GA_n30_inst0_run1,base,150,15100,15100.0,0.44844020903110504,,688.1355594602758,688.1355594602758
exp_001,GA_n30_inst0_run1,base,160,16100,16100.0,0.47462683398043737,,657.687669533993,657.687669533993
exp_001,GA_n30_inst0_run1,base,170,17100,17100.0,0.5009858339908533,,657.687669533993,657.687669533993
exp_001,GA_n30_inst0_run1,base,180,18100,18100.0,0.5270256249932572,,657.687669533993,657.687669533993
exp_001,GA_n30_inst0_run1,base,190,19100,19100.0,0.5541765000089072,,657.687669533993,657.687669533993
exp_001,GA_n30_inst0_run1,base,200,20100,20100.0,0.5807744999765418,,657.6141346888996,657.6141346888996
exp_001,GA_n30_inst0_run1,base,210,21100,21100.0,0.6067014170112088,,625.7782667194858,625.7782667194858
exp_001,GA_n30_inst0_run1,base,220,22100,22100.0,0.6331919170334004,,625.7782667194858,625.7782667194858
exp_001,GA_n30_inst0_run1,base,230,23100,23100.0,0.6592594590038061,,616.3999187217552,616.3999187217552
exp_001,GA_n30_inst0_run1,base,240,24100,24100.0,0.6858353749848902,,616.3999187217552,616.3999187217552
exp_001,GA_n30_inst0_run1,base,250,25100,25100.0,0.7115981670212932,,616.3999187217552,616.3999187217552
exp_001,GA_n30_inst0_run1,base,260,26100,26100.0,0.7380336250062101,,614.250438709203,614.250438709203
exp_001,GA_n30_inst0_run1,base,270,27100,27100.0,0.7649444590206258,,614.250438709203,614.250438709203
exp_001,GA_n30_inst0_run1,base,280,28100,28100.0,0.791231292008888,,614.250438709203,614.250438709203
exp_001,GA_n30_inst0_run1,base,290,29100,29100.0,0.8165210420265794,,614.250438709203,614.250438709203
exp_001,GA_n30_inst0_run1,base,300,30100,30100.0,0.841867542010732,,614.250438709203,614.250438709203
exp_001,GA_n30_inst0_run1,base,310,31100,31100.0,0.8673581670154817,,614.250438709203,614.250438709203
exp_001,GA_n30_inst0_run1,base,320,32100,32100.0,0.8928148749982938,,614.250438709203,614.250438709203
exp_001,GA_n30_inst0_run1,base,330,33100,33100.0,0.9193374590249732,,614.250438709203,614.250438709203
exp_001,GA_n30_inst0_run1,base,340,34100,34100.0,0.9453334169811569,,614.250438709203,614.250438709203
exp_001,GA_n30_inst0_run1,base,350,35100,35100.0,0.9713493750314228,,614.250438709203,614.250438709203
exp_001,GA_n30_inst0_run1,base,360,36100,36100.0,1.0156714170007035,,614.250438709203,614.250438709203
exp_001,GA_n30_inst0_run1,base,370,37100,37100.0,1.0622588340193033,,614.250438709203,614.250438709203
exp_001,GA_n30_inst0_run1,base,380,38100,38100.0,1.1060436249827035,,614.250438709203,614.250438709203
exp_001,GA_n30_inst0_run1,base,390,39100,39100.0,1.1404083340312354,,614.250438709203,614.250438709203
exp_001,GA_n30_inst0_run1,base,400,40100,40100.0,1.1665031670127064,,614.250438709203,614.250438709203
exp_001,GA_n30_inst0_run1,base,410,41100,41100.0,1.192426500027068,,614.250438709203,614.250438709203
exp_001,GA_n30_inst0_run1,base,420,42100,42100.0,1.2176733340020292,,614.250438709203,614.250438709203
exp_001,GA_n30_inst0_run1,base,430,43100,43100.0,1.2433783750166185,,614.250438709203,614.250438709203
exp_001,GA_n30_inst0_run1,base,440,44100,44100.0,1.2692093339865096,,598.9697841687862,598.9697841687862
exp_001,GA_n30_inst0_run1,base,450,45100,45100.0,1.2974946670001373,,598.9697841687862,598.9697841687862
exp_001,GA_n30_inst0_run1,base,460,46100,46100.0,1.3246543750283308,,598.9697841687862,598.9697841687862
exp_001,GA_n30_inst0_run1,base,470,47100,47100.0,1.3517696670023724,,598.9697841687862,598.9697841687862
exp_001,GA_n30_inst0_run1,base,480,48100,48100.0,1.3774466250324622,,598.9697841687862,598.9697841687862
exp_001,GA_n30_inst0_run1,base,490,49100,49100.0,1.403787375020329,,598.9697841687862,598.9697841687862
exp_001,GA_n30_inst0_run2,base,0,100,100.0,8.330098353326321e-07,,1273.0033013608372,1273.0033013608372
exp_001,GA_n30_inst0_run2,base,10,1100,1100.0,0.025485207966994494,,814.144655096424,814.144655096424
exp_001,GA_n30_inst0_run2,base,20,2100,2100.0,0.050403625005856156,,716.0105292710741,716.0105292710741
exp_001,GA_n30_inst0_run2,base,30,3100,3100.0,0.07513274997472763,,716.0105292710741,716.0105292710741
exp_001,GA_n30_inst0_run2,base,40,4100,4100.0,0.10028349998174235,,705.8968092095838,705.8968092095838
exp_001,GA_n30_inst0_run2,base,50,5100,5100.0,0.12559087498812005,,705.8968092095838,705.8968092095838
exp_001,GA_n30_inst0_run2,base,60,6100,6100.0,0.15089491597609594,,700.0454365734142,700.0454365734142
exp_001,GA_n30_inst0_run2,base,70,7100,7100.0,0.17640445800498128,,700.0454365734142,700.0454365734142
exp_001,GA_n30_inst0_run2,base,80,8100,8100.0,0.20183837501099333,,700.0454365734142,700.0454365734142
exp_001,GA_n30_inst0_run2,base,90,9100,9100.0,0.22746354097034782,,700.0454365734142,700.0454365734142
exp_001,GA_n30_inst0_run2,base,100,10100,10100.0,0.2529041660018265,,693.3259265649519,693.3259265649519
exp_001,GA_n30_inst0_run2,base,110,11100,11100.0,0.27917129098204896,,688.1189318982867,688.1189318982867
exp_001,GA_n30_inst0_run2,base,120,12100,12100.0,0.3055504160001874,,688.1189318982867,688.1189318982867
exp_001,GA_n30_inst0_run2,base,130,13100,13100.0,0.3309460000018589,,679.408899596687,679.408899596687
exp_001,GA_n30_inst0_run2,base,140,14100,14100.0,0.3561717909760773,,667.3256055024428,667.3256055024428
exp_001,GA_n30_inst0_run2,base,150,15100,15100.0,0.3816267909714952,,667.3256055024428,667.3256055024428
exp_001,GA_n30_inst0_run2,base,160,16100,16100.0,0.4068526250193827,,667.3256055024428,667.3256055024428
exp_001,GA_n30_inst0_run2,base,170,17100,17100.0,0.43163812498096377,,667.3256055024428,667.3256055024428
exp_001,GA_n30_inst0_run2,base,180,18100,18100.0,0.45648808300029486,,667.3256055024428,667.3256055024428
exp_001,GA_n30_inst0_run2,base,190,19100,19100.0,0.48172983300173655,,667.3256055024428,667.3256055024428
exp_001,GA_n30_inst0_run2,base,200,20100,20100.0,0.5066253750119358,,667.3256055024428,667.3256055024428
exp_001,GA_n30_inst0_run2,base,210,21100,21100.0,0.5315450829803012,,667.3256055024428,667.3256055024428
exp_001,GA_n30_inst0_run2,base,220,22100,22100.0,0.556623957992997,,667.3256055024428,667.3256055024428
exp_001,GA_n30_inst0_run2,base,230,23100,23100.0,0.5816240410204045,,667.3256055024428,667.3256055024428
exp_001,GA_n30_inst0_run2,base,240,24100,24100.0,0.6074002499808557,,645.5571561829679,645.5571561829679
exp_001,GA_n30_inst0_run2,base,250,25100,25100.0,0.6327712910133414,,645.5571561829679,645.5571561829679
exp_001,GA_n30_inst0_run2,base,260,26100,26100.0,0.6576086250133812,,645.5571561829679,645.5571561829679
exp_001,GA_n30_inst0_run2,base,270,27100,27100.0,0.6825925409793854,,645.5571561829679,645.5571561829679
exp_001,GA_n30_inst0_run2,base,280,28100,28100.0,0.7074176659807563,,645.5571561829679,645.5571561829679
exp_001,GA_n30_inst0_run2,base,290,29100,29100.0,0.7325330409803428,,645.5571561829679,645.5571561829679
exp_001,GA_n30_inst0_run2,base,300,30100,30100.0,0.7576049999915995,,645.5571561829679,645.5571561829679
exp_001,GA_n30_inst0_run2,base,310,31100,31100.0,0.783695499994792,,645.5571561829679,645.5571561829679
exp_001,GA_n30_inst0_run2,base,320,32100,32100.0,0.8095872499980032,,645.5571561829679,645.5571561829679
exp_001,GA_n30_inst0_run2,base,330,33100,33100.0,0.8348666249657981,,645.5571561829679,645.5571561829679
exp_001,GA_n30_inst0_run2,base,340,34100,34100.0,0.8600766659947112,,645.5571561829679,645.5571561829679
exp_001,GA_n30_inst0_run2,base,350,35100,35100.0,0.8853352909791283,,645.5571561829679,645.5571561829679
exp_001,GA_n30_inst0_run2,base,360,36100,36100.0,0.9105837079696357,,645.5571561829679,645.5571561829679
exp_001,GA_n30_inst0_run2,base,370,37100,37100.0,0.935806458001025,,645.5571561829679,645.5571561829679
exp_001,GA_n30_inst0_run2,base,380,38100,38100.0,0.9608282080153003,,645.5571561829679,645.5571561829679
exp_001,GA_n30_inst0_run2,base,390,39100,39100.0,0.98569016600959,,645.5571561829679,645.5571561829679
exp_001,GA_n30_inst0_run2,base,400,40100,40100.0,1.010632874967996,,645.5571561829679,645.5571561829679
exp_001,GA_n30_inst0_run2,base,410,41100,41100.0,1.0355217079631984,,645.5571561829679,645.5571561829679
exp_001,GA_n30_inst0_run2,base,420,42100,42100.0,1.060577165975701,,645.5571561829679,645.5571561829679
exp_001,GA_n30_inst0_run2,base,430,43100,43100.0,1.0855598750058562,,645.5571561829679,645.5571561829679
exp_001,GA_n30_inst0_run2,base,440,44100,44100.0,1.1106927910004742,,645.5571561829679,645.5571561829679
exp_001,GA_n30_inst0_run2,base,450,45100,45100.0,1.135929332987871,,645.5571561829679,645.5571561829679
exp_001,GA_n30_inst0_run2,base,460,46100,46100.0,1.161915874981787,,645.5571561829679,645.5571561829679
exp_001,GA_n30_inst0_run2,base,470,47100,47100.0,1.1885683329892345,,645.5571561829679,645.5571561829679
exp_001,GA_n30_inst0_run2,base,480,48100,48100.0,1.2163092080154456,,645.5571561829679,645.5571561829679
exp_001,GA_n30_inst0_run2,base,490,49100,49100.0,1.2436321660061367,,645.5571561829679,645.5571561829679
exp_001,GA_n30_inst1_run0,base,0,100,100.0,1.00000761449337e-06,,1219.6924025939527,1219.6924025939527
exp_001,GA_n30_inst1_run0,base,10,1100,1100.0,0.027841458038892597,,889.6284324281678,889.6284324281678
exp_001,GA_n30_inst1_run0,base,20,2100,2100.0,0.05462770804297179,,876.8191462108174,876.8191462108174
exp_001,GA_n30_inst1_run0,base,30,3100,3100.0,0.08047225000336766,,852.2174838586844,852.2174838586844
exp_001,GA_n30_inst1_run0,base,40,4100,4100.0,0.10692025005118921,,828.764809022479,828.764809022479
exp_001,GA_n30_inst1_run0,base,50,5100,5100.0,0.1324648330337368,,793.2178827414435,793.2178827414435
exp_001,GA_n30_inst1_run0,base,60,6100,6100.0,0.15785020805196837,,779.0642058395317,779.0642058395317
exp_001,GA_n30_inst1_run0,base,70,7100,7100.0,0.1830564170377329,,762.1236117732861,762.1236117732861
exp_001,GA_n30_inst1_run0,base,80,8100,8100.0,0.20810395805165172,,762.1236117732861,762.1236117732861
exp_001,GA_n30_inst1_run0,base,90,9100,9100.0,0.2333451670128852,,762.1236117732861,762.1236117732861
exp_001,GA_n30_inst1_run0,base,100,10100,10100.0,0.2587050420115702,,758.7726898983132,758.7726898983132
exp_001,GA_n30_inst1_run0,base,110,11100,11100.0,0.28423304203897715,,758.7726898983132,758.7726898983132
exp_001,GA_n30_inst1_run0,base,120,12100,12100.0,0.3096108330064453,,611.5123569432044,611.5123569432044
exp_001,GA_n30_inst1_run0,base,130,13100,13100.0,0.33594545803498477,,611.5123569432044,611.5123569432044
exp_001,GA_n30_inst1_run0,base,140,14100,14100.0,0.36376983305672184,,581.5034693111103,581.5034693111103
exp_001,GA_n30_inst1_run0,base,150,15100,15100.0,0.39140975003829226,,578.2987067207174,578.2987067207174
exp_001,GA_n30_inst1_run0,base,160,16100,16100.0,0.41837020800448954,,578.2987067207174,578.2987067207174
exp_001,GA_n30_inst1_run0,base,170,17100,17100.0,0.44595366704743356,,578.2987067207174,578.2987067207174
exp_001,GA_n30_inst1_run0,base,180,18100,18100.0,0.47277212503831834,,578.2987067207174,578.2987067207174
exp_001,GA_n30_inst1_run0,base,190,19100,19100.0,0.5000022080494091,,578.2987067207174,578.2987067207174
exp_001,GA_n30_inst1_run0,base,200,20100,20100.0,0.5268619580310769,,578.2987067207174,578.2987067207174
exp_001,GA_n30_inst1_run0,base,210,21100,21100.0,0.5524277080548927,,578.2987067207174,578.2987067207174
exp_001,GA_n30_inst1_run0,base,220,22100,22100.0,0.5780408750288188,,578.2987067207174,578.2987067207174
exp_001,GA_n30_inst1_run0,base,230,23100,23100.0,0.6034091250039637,,578.2987067207174,578.2987067207174
exp_001,GA_n30_inst1_run0,base,240,24100,24100.0,0.629198458045721,,578.2987067207174,578.2987067207174
exp_001,GA_n30_inst1_run0,base,250,25100,25100.0,0.6547744999988936,,578.2987067207174,578.2987067207174
exp_001,GA_n30_inst1_run0,base,260,26100,26100.0,0.6800101670087315,,578.2987067207174,578.2987067207174
exp_001,GA_n30_inst1_run0,base,270,27100,27100.0,0.7054994580103084,,547.9269902723074,547.9269902723074
exp_001,GA_n30_inst1_run0,base,280,28100,28100.0,0.730953042046167,,547.9269902723074,547.9269902723074
exp_001,GA_n30_inst1_run0,base,290,29100,29100.0,0.756141625053715,,547.9269902723074,547.9269902723074
exp_001,GA_n30_inst1_run0,base,300,30100,30100.0,0.8225134170497768,,547.9269902723074,547.9269902723074
exp_001,GA_n30_inst1_run0,base,310,31100,31100.0,0.8605672080302611,,547.9269902723074,547.9269902723074
exp_001,GA_n30_inst1_run0,base,320,32100,32100.0,0.8886609580367804,,547.9269902723074,547.9269902723074
exp_001,GA_n30_inst1_run0,base,330,33100,33100.0,0.9177507500280626,,537.7177569385963,537.7177569385963
exp_001,GA_n30_inst1_run0,base,340,34100,34100.0,0.9494592500268482,,535.5803784434439,535.5803784434439
exp_001,GA_n30_inst1_run0,base,350,35100,35100.0,0.9816906670457684,,535.5803784434439,535.5803784434439
exp_001,GA_n30_inst1_run0,base,360,36100,36100.0,1.0109075420186855,,535.5803784434439,535.5803784434439
exp_001,GA_n30_inst1_run0,base,370,37100,37100.0,1.0446963330032304,,535.5803784434439,535.5803784434439
exp_001,GA_n30_inst1_run0,base,380,38100,38100.0,1.0733523750095628,,535.5803784434439,535.5803784434439
exp_001,GA_n30_inst1_run0,base,390,39100,39100.0,1.100827542017214,,535.5803784434439,535.5803784434439
exp_001,GA_n30_inst1_run0,base,400,40100,40100.0,1.1290077500161715,,535.5803784434439,535.5803784434439
exp_001,GA_n30_inst1_run0,base,410,41100,41100.0,1.157058583048638,,535.5803784434439,535.5803784434439
exp_001,GA_n30_inst1_run0,base,420,42100,42100.0,1.184574667015113,,535.5803784434439,535.5803784434439
exp_001,GA_n30_inst1_run0,base,430,43100,43100.0,1.2124445420340635,,535.5803784434439,535.5803784434439
exp_001,GA_n30_inst1_run0,base,440,44100,44100.0,1.2403170830220915,,534.6981396409885,534.6981396409885
exp_001,GA_n30_inst1_run0,base,450,45100,45100.0,1.2679687080089934,,534.6981396409885,534.6981396409885
exp_001,GA_n30_inst1_run0,base,460,46100,46100.0,1.3028582920087501,,534.6981396409885,534.6981396409885
exp_001,GA_n30_inst1_run0,base,470,47100,47100.0,1.34957729204325,,534.6981396409885,534.6981396409885
exp_001,GA_n30_inst1_run0,base,480,48100,48100.0,1.3771766670397483,,534.6981396409885,534.6981396409885
exp_001,GA_n30_inst1_run0,base,490,49100,49100.0,1.404709583031945,,534.6981396409885,534.6981396409885
exp_001,GA_n30_inst1_run1,base,0,100,100.0,9.170034900307655e-07,,1320.674096327163,1320.674096327163
exp_001,GA_n30_inst1_run1,base,10,1100,1100.0,0.028340833028778434,,889.5722553858294,889.5722553858294
exp_001,GA_n30_inst1_run1,base,20,2100,2100.0,0.05546579201472923,,730.9075829431929,730.9075829431929
exp_001,GA_n30_inst1_run1,base,30,3100,3100.0,0.08102966699516401,,730.9075829431929,730.9075829431929
exp_001,GA_n30_inst1_run1,base,40,4100,4100.0,0.10628154198639095,,730.9075829431929,730.9075829431929
exp_001,GA_n30_inst1_run1,base,50,5100,5100.0,0.1315863329800777,,730.9075829431929,730.9075829431929
exp_001,GA_n30_inst1_run1,base,60,6100,6100.0,0.15801908302819356,,724.8348143131951,724.8348143131951
exp_001,GA_n30_inst1_run1,base,70,7100,7100.0,0.18332795798778534,,724.8348143131951,724.8348143131951
exp_001,GA_n30_inst1_run1,base,80,8100,8100.0,0.2082225420163013,,724.8348143131951,724.8348143131951
exp_001,GA_n30_inst1_run1,base,90,9100,9100.0,0.23332749999826774,,693.2991395047461,693.2991395047461
exp_001,GA_n30_inst1_run1,base,100,10100,10100.0,0.2586804170277901,,693.2991395047461,693.2991395047461
exp_001,GA_n30_inst1_run1,base,110,11100,11100.0,0.28394491702783853,,693.2991395047461,693.2991395047461
exp_001,GA_n30_inst1_run1,base,120,12100,12100.0,0.3092096250038594,,693.2991395047461,693.2991395047461
exp_001,GA_n30_inst1_run1,base,130,13100,13100.0,0.334248083003331,,693.2991395047461,693.2991395047461
exp_001,GA_n30_inst1_run1,base,140,14100,14100.0,0.3591272920020856,,681.7356313527695,681.7356313527695
exp_001,GA_n30_inst1_run1,base,150,15100,15100.0,0.3839746249723248,,681.7356313527695,681.7356313527695
exp_001,GA_n30_inst1_run1,base,160,16100,16100.0,0.4090919580194168,,678.3350135611305,678.3350135611305
exp_001,GA_n30_inst1_run1,base,170,17100,17100.0,0.4339400419848971,,678.3350135611305,678.3350135611305
exp_001,GA_n30_inst1_run1,base,180,18100,18100.0,0.45964387501589954,,678.3350135611305,678.3350135611305
exp_001,GA_n30_inst1_run1,base,190,19100,19100.0,0.48534958297386765,,637.306808055477,637.306808055477
exp_001,GA_n30_inst1_run1,base,200,20100,20100.0,0.5107212499715388,,615.9360871924474,615.9360871924474
exp_001,GA_n30_inst1_run1,base,210,21100,21100.0,0.5367001669947058,,607.2534200780443,607.2534200780443
exp_001,GA_n30_inst1_run1,base,220,22100,22100.0,0.5617486669798382,,607.2534200780443,607.2534200780443
exp_001,GA_n30_inst1_run1,base,230,23100,23100.0,0.5867031249799766,,607.2534200780443,607.2534200780443
exp_001,GA_n30_inst1_run1,base,240,24100,24100.0,0.6117753749713302,,603.5072821485367,603.5072821485367
exp_001,GA_n30_inst1_run1,base,250,25100,25100.0,0.6364240000257269,,603.5072821485367,603.5072821485367
exp_001,GA_n30_inst1_run1,base,260,26100,26100.0,0.6626861250260845,,603.5072821485367,603.5072821485367
exp_001,GA_n30_inst1_run1,base,270,27100,27100.0,0.6879806669894606,,603.5072821485367,603.5072821485367
exp_001,GA_n30_inst1_run1,base,280,28100,28100.0,0.7131331670098007,,603.5072821485367,603.5072821485367
exp_001,GA_n30_inst1_run1,base,290,29100,29100.0,0.7381263329880312,,603.5072821485367,603.5072821485367
exp_001,GA_n30_inst1_run1,base,300,30100,30100.0,0.7630965830176137,,603.5072821485367,603.5072821485367
exp_001,GA_n30_inst1_run1,base,310,31100,31100.0,0.7881583329872228,,603.5072821485367,603.5072821485367
exp_001,GA_n30_inst1_run1,base,320,32100,32100.0,0.8129282079753466,,599.7630335043964,599.7630335043964
exp_001,GA_n30_inst1_run1,base,330,33100,33100.0,0.8381584170274436,,593.9053158728295,593.9053158728295
exp_001,GA_n30_inst1_run1,base,340,34100,34100.0,0.8630436669918709,,593.9053158728295,593.9053158728295
exp_001,GA_n30_inst1_run1,base,350,35100,35100.0,0.8881445419974625,,592.1056403212847,592.1056403212847
exp_001,GA_n30_inst1_run1,base,360,36100,36100.0,0.9132977079716511,,592.1056403212847,592.1056403212847
exp_001,GA_n30_inst1_run1,base,370,37100,37100.0,0.9382683329749852,,592.1056403212847,592.1056403212847
exp_001,GA_n30_inst1_run1,base,380,38100,38100.0,0.9634859170182608,,592.1056403212847,592.1056403212847
exp_001,GA_n30_inst1_run1,base,390,39100,39100.0,0.9884959579794668,,592.1056403212847,592.1056403212847
exp_001,GA_n30_inst1_run1,base,400,40100,40100.0,1.0137289999984205,,592.1056403212847,592.1056403212847
exp_001,GA_n30_inst1_run1,base,410,41100,41100.0,1.0400064580026083,,577.4697518928172,577.4697518928172
exp_001,GA_n30_inst1_run1,base,420,42100,42100.0,1.0649725000257604,,577.4697518928172,577.4697518928172
exp_001,GA_n30_inst1_run1,base,430,43100,43100.0,1.0901186669943854,,577.4697518928172,577.4697518928172
exp_001,GA_n30_inst1_run1,base,440,44100,44100.0,1.115285291976761,,577.4697518928172,577.4697518928172
exp_001,GA_n30_inst1_run1,base,450,45100,45100.0,1.1406180419726297,,577.4697518928172,577.4697518928172
exp_001,GA_n30_inst1_run1,base,460,46100,46100.0,1.167512291984167,,577.4697518928172,577.4697518928172
exp_001,GA_n30_inst1_run1,base,470,47100,47100.0,1.1929035829962231,,575.0711788561131,575.0711788561131
exp_001,GA_n30_inst1_run1,base,480,48100,48100.0,1.2181456250254996,,575.0711788561131,575.0711788561131
exp_001,GA_n30_inst1_run1,base,490,49100,49100.0,1.2430891250260174,,575.0711788561131,575.0711788561131
exp_001,GA_n30_inst1_run2,base,0,100,100.0,8.33999365568161e-07,,1269.474401484575,1269.474401484575
exp_001,GA_n30_inst1_run2,base,10,1100,1100.0,0.02531295904191211,,852.8779550246004,852.8779550246004
exp_001,GA_n30_inst1_run2,base,20,2100,2100.0,0.050262417003978044,,647.7728336522819,647.7728336522819
exp_001,GA_n30_inst1_run2,base,30,3100,3100.0,0.0750986670027487,,608.0817163709871,608.0817163709871
exp_001,GA_n30_inst1_run2,base,40,4100,4100.0,0.1001782090170309,,600.2050957740998,600.2050957740998
exp_001,GA_n30_inst1_run2,base,50,5100,5100.0,0.1251369999954477,,600.2050957740998,600.2050957740998
exp_001,GA_n30_inst1_run2,base,60,6100,6100.0,0.1500679170130752,,600.2050957740998,600.2050957740998
exp_001,GA_n30_inst1_run2,base,70,7100,7100.0,0.17499220900936052,,600.2050957740998,600.2050957740998
exp_001,GA_n30_inst1_run2,base,80,8100,8100.0,0.1997467500041239,,600.2050957740998,600.2050957740998
exp_001,GA_n30_inst1_run2,base,90,9100,9100.0,0.22485729202162474,,600.2050957740998,600.2050957740998
exp_001,GA_n30_inst1_run2,base,100,10100,10100.0,0.2501137090148404,,600.2050957740998,600.2050957740998
exp_001,GA_n30_inst1_run2,base,110,11100,11100.0,0.2755000000470318,,600.2050957740998,600.2050957740998
exp_001,GA_n30_inst1_run2,base,120,12100,12100.0,0.300710917043034,,600.2050957740998,600.2050957740998
exp_001,GA_n30_inst1_run2,base,130,13100,13100.0,0.32567158399615437,,598.3173403402271,598.3173403402271
exp_001,GA_n30_inst1_run2,base,140,14100,14100.0,0.35057333402801305,,596.7167093034684,596.7167093034684
exp_001,GA_n30_inst1_run2,base,150,15100,15100.0,0.37584991700714454,,596.7167093034684,596.7167093034684
exp_001,GA_n30_inst1_run2,base,160,16100,16100.0,0.402283042029012,,596.7167093034684,596.7167093034684
exp_001,GA_n30_inst1_run2,base,170,17100,17100.0,0.4273177920258604,,596.7167093034684,596.7167093034684
exp_001,GA_n30_inst1_run2,base,180,18100,18100.0,0.45220316702034324,,596.7167093034684,596.7167093034684
exp_001,GA_n30_inst1_run2,base,190,19100,19100.0,0.4773405420128256,,596.7167093034684,596.7167093034684
exp_001,GA_n30_inst1_run2,base,200,20100,20100.0,0.502181334013585,,591.5509491574581,591.5509491574581
exp_001,GA_n30_inst1_run2,base,210,21100,21100.0,0.5271610000054352,,591.5509491574581,591.5509491574581
exp_001,GA_n30_inst1_run2,base,220,22100,22100.0,0.5522936670458876,,588.3568521634834,588.3568521634834
exp_001,GA_n30_inst1_run2,base,230,23100,23100.0,0.5771888750023209,,588.3568521634834,588.3568521634834
exp_001,GA_n30_inst1_run2,base,240,24100,24100.0,0.6022186670452356,,579.4010039951393,579.4010039951393
exp_001,GA_n30_inst1_run2,base,250,25100,25100.0,0.6272770420182496,,575.9667980649812,575.9667980649812
exp_001,GA_n30_inst1_run2,base,260,26100,26100.0,0.6521747920196503,,575.9667980649812,575.9667980649812
exp_001,GA_n30_inst1_run2,base,270,27100,27100.0,0.6771561670466326,,569.7059300998449,569.7059300998449
exp_001,GA_n30_inst1_run2,base,280,28100,28100.0,0.7021113749942742,,569.7059300998449,569.7059300998449
exp_001,GA_n30_inst1_run2,base,290,29100,29100.0,0.7269825840485282,,569.7059300998449,569.7059300998449
exp_001,GA_n30_inst1_run2,base,300,30100,30100.0,0.7521924590109847,,569.7059300998449,569.7059300998449
exp_001,GA_n30_inst1_run2,base,310,31100,31100.0,0.7776205420377664,,569.7059300998449,569.7059300998449
exp_001,GA_n30_inst1_run2,base,320,32100,32100.0,0.8028762920293957,,569.7059300998449,569.7059300998449
exp_001,GA_n30_inst1_run2,base,330,33100,33100.0,0.8280180420260876,,569.7059300998449,569.7059300998449
exp_001,GA_n30_inst1_run2,base,340,34100,34100.0,0.8530479590408504,,569.7059300998449,569.7059300998449
exp_001,GA_n30_inst1_run2,base,350,35100,35100.0,0.8782200000132434,,569.7059300998449,569.7059300998449
exp_001,GA_n30_inst1_run2,base,360,36100,36100.0,0.9040075840312056,,569.7059300998449,569.7059300998449
exp_001,GA_n30_inst1_run2,base,370,37100,37100.0,0.9299197500222363,,569.7059300998449,569.7059300998449
exp_001,GA_n30_inst1_run2,base,380,38100,38100.0,0.9549543750472367,,569.7059300998449,569.7059300998449
exp_001,GA_n30_inst1_run2,base,390,39100,39100.0,0.9798627500422299,,569.7059300998449,569.7059300998449
exp_001,GA_n30_inst1_run2,base,400,40100,40100.0,1.0047499170177616,,569.7059300998449,569.7059300998449
exp_001,GA_n30_inst1_run2,base,410,41100,41100.0,1.0297682500095107,,569.7059300998449,569.7059300998449
exp_001,GA_n30_inst1_run2,base,420,42100,42100.0,1.0547710840473883,,569.7059300998449,569.7059300998449
exp_001,GA_n30_inst1_run2,base,430,43100,43100.0,1.0799088750500232,,569.7059300998449,569.7059300998449
exp_001,GA_n30_inst1_run2,base,440,44100,44100.0,1.1048665840062313,,567.251205870921,567.251205870921
exp_001,GA_n30_inst1_run2,base,450,45100,45100.0,1.1302885000477545,,567.1191575668977,567.1191575668977
exp_001,GA_n30_inst1_run2,base,460,46100,46100.0,1.1565315420157276,,567.1191575668977,567.1191575668977
exp_001,GA_n30_inst1_run2,base,470,47100,47100.0,1.1828135840478353,,567.1191575668977,567.1191575668977
exp_001,GA_n30_inst1_run2,base,480,48100,48100.0,1.20854479202535,,567.1191575668977,567.1191575668977
exp_001,GA_n30_inst1_run2,base,490,49100,49100.0,1.234564250044059,,567.1191575668977,567.1191575668977
exp_001,GA_n30_inst2_run0,base,0,100,100.0,7.500057108700275e-07,,1195.7596451076365,1195.7596451076365
exp_001,GA_n30_inst2_run0,base,10,1100,1100.0,0.02622541697928682,,867.6054706664249,867.6054706664249
exp_001,GA_n30_inst2_run0,base,20,2100,2100.0,0.05190862499875948,,662.0428435363791,662.0428435363791
exp_001,GA_n30_inst2_run0,base,30,3100,3100.0,0.07738591701490805,,614.0974089166176,614.0974089166176
exp_001,GA_n30_inst2_run0,base,40,4100,4100.0,0.10346920799929649,,614.0974089166176,614.0974089166176
exp_001,GA_n30_inst2_run0,base,50,5100,5100.0,0.12963691703043878,,614.0974089166176,614.0974089166176
exp_001,GA_n30_inst2_run0,base,60,6100,6100.0,0.1565388750168495,,614.0974089166176,614.0974089166176
exp_001,GA_n30_inst2_run0,base,70,7100,7100.0,0.18228987499605864,,610.0306353068927,610.0306353068927
exp_001,GA_n30_inst2_run0,base,80,8100,8100.0,0.2079692499828525,,610.0306353068927,610.0306353068927
exp_001,GA_n30_inst2_run0,base,90,9100,9100.0,0.23439254198456183,,610.0306353068927,610.0306353068927
exp_001,GA_n30_inst2_run0,base,100,10100,10100.0,0.261769708013162,,610.0306353068927,610.0306353068927
exp_001,GA_n30_inst2_run0,base,110,11100,11100.0,0.2875510830199346,,610.0306353068927,610.0306353068927
exp_001,GA_n30_inst2_run0,base,120,12100,12100.0,0.31264070799807087,,610.0306353068927,610.0306353068927
exp_001,GA_n30_inst2_run0,base,130,13100,13100.0,0.3377838329761289,,603.6119052144767,603.6119052144767
exp_001,GA_n30_inst2_run0,base,140,14100,14100.0,0.3628802500315942,,589.3961975289232,589.3961975289232
exp_001,GA_n30_inst2_run0,base,150,15100,15100.0,0.38803495798492804,,539.252393812761,539.252393812761
exp_001,GA_n30_inst2_run0,base,160,16100,16100.0,0.4132504580193199,,539.252393812761,539.252393812761
exp_001,GA_n30_inst2_run0,base,170,17100,17100.0,0.43843916698824614,,539.252393812761,539.252393812761
exp_001,GA_n30_inst2_run0,base,180,18100,18100.0,0.46367491700220853,,539.252393812761,539.252393812761
exp_001,GA_n30_inst2_run0,base,190,19100,19100.0,0.48903825000161305,,538.9182962087615,538.9182962087615
exp_001,GA_n30_inst2_run0,base,200,20100,20100.0,0.514785707986448,,538.9182962087615,538.9182962087615
exp_001,GA_n30_inst2_run0,base,210,21100,21100.0,0.5409775829757564,,538.9182962087615,538.9182962087615
exp_001,GA_n30_inst2_run0,base,220,22100,22100.0,0.5672092500026338,,538.9182962087615,538.9182962087615
exp_001,GA_n30_inst2_run0,base,230,23100,23100.0,0.5936070830211975,,538.9182962087615,538.9182962087615
exp_001,GA_n30_inst2_run0,base,240,24100,24100.0,0.6199413749855012,,538.9182962087615,538.9182962087615
exp_001,GA_n30_inst2_run0,base,250,25100,25100.0,0.646471708023455,,538.9182962087615,538.9182962087615
exp_001,GA_n30_inst2_run0,base,260,26100,26100.0,0.6726227499893866,,538.9182962087615,538.9182962087615
exp_001,GA_n30_inst2_run0,base,270,27100,27100.0,0.6978175829863176,,538.9182962087615,538.9182962087615
exp_001,GA_n30_inst2_run0,base,280,28100,28100.0,0.7230178749887273,,527.0664865476168,527.0664865476168
exp_001,GA_n30_inst2_run0,base,290,29100,29100.0,0.7478265829849988,,506.9485626519286,506.9485626519286
exp_001,GA_n30_inst2_run0,base,300,30100,30100.0,0.7730063750059344,,506.9485626519286,506.9485626519286
exp_001,GA_n30_inst2_run0,base,310,31100,31100.0,0.7981804999872111,,484.69508024380247,484.69508024380247
exp_001,GA_n30_inst2_run0,base,320,32100,32100.0,0.8236982499947771,,484.69508024380247,484.69508024380247
exp_001,GA_n30_inst2_run0,base,330,33100,33100.0,0.8492252919822931,,484.69508024380247,484.69508024380247
exp_001,GA_n30_inst2_run0,base,340,34100,34100.0,0.8744969579856843,,484.69508024380247,484.69508024380247
exp_001,GA_n30_inst2_run0,base,350,35100,35100.0,0.900103542022407,,484.69508024380247,484.69508024380247
exp_001,GA_n30_inst2_run0,base,360,36100,36100.0,0.9258121250313707,,470.27060581696975,470.27060581696975
exp_001,GA_n30_inst2_run0,base,370,37100,37100.0,0.9512586669879965,,470.27060581696975,470.27060581696975
exp_001,GA_n30_inst2_run0,base,380,38100,38100.0,0.9765879579936154,,470.27060581696975,470.27060581696975
exp_001,GA_n30_inst2_run0,base,390,39100,39100.0,1.0024291669833474,,470.27060581696975,470.27060581696975
exp_001,GA_n30_inst2_run0,base,400,40100,40100.0,1.0278125000186265,,470.27060581696975,470.27060581696975
exp_001,GA_n30_inst2_run0,base,410,41100,41100.0,1.0529525420279242,,470.27060581696975,470.27060581696975
exp_001,GA_n30_inst2_run0,base,420,42100,42100.0,1.0781617499887943,,470.27060581696975,470.27060581696975
exp_001,GA_n30_inst2_run0,base,430,43100,43100.0,1.103510582994204,,470.27060581696975,470.27060581696975
exp_001,GA_n30_inst2_run0,base,440,44100,44100.0,1.1287098330212757,,470.27060581696975,470.27060581696975
exp_001,GA_n30_inst2_run0,base,450,45100,45100.0,1.1548145419801585,,470.27060581696975,470.27060581696975
exp_001,GA_n30_inst2_run0,base,460,46100,46100.0,1.1806623329757713,,470.27060581696975,470.27060581696975
exp_001,GA_n30_inst2_run0,base,470,47100,47100.0,1.2059380420250818,,470.27060581696975,470.27060581696975
exp_001,GA_n30_inst2_run0,base,480,48100,48100.0,1.2314486249815673,,470.27060581696975,470.27060581696975
exp_001,GA_n30_inst2_run0,base,490,49100,49100.0,1.2568009580136277,,470.27060581696975,470.27060581696975
exp_001,GA_n30_inst2_run1,base,0,100,100.0,8.330098353326321e-07,,1161.2945657433138,1161.2945657433138
exp_001,GA_n30_inst2_run1,base,10,1100,1100.0,0.025345125002786517,,800.2236750206754,800.2236750206754
exp_001,GA_n30_inst2_run1,base,20,2100,2100.0,0.05075383302755654,,639.4152789834334,639.4152789834334
exp_001,GA_n30_inst2_run1,base,30,3100,3100.0,0.07602345803752542,,603.6081818149627,603.6081818149627
exp_001,GA_n30_inst2_run1,base,40,4100,4100.0,0.1012937500490807,,603.6081818149627,603.6081818149627
exp_001,GA_n30_inst2_run1,base,50,5100,5100.0,0.12664775003213435,,603.6081818149627,603.6081818149627
exp_001,GA_n30_inst2_run1,base,60,6100,6100.0,0.15170475002378225,,603.6081818149627,603.6081818149627
exp_001,GA_n30_inst2_run1,base,70,7100,7100.0,0.17710904101841152,,603.6081818149627,603.6081818149627
exp_001,GA_n30_inst2_run1,base,80,8100,8100.0,0.20208433305379003,,592.9398139639777,592.9398139639777
exp_001,GA_n30_inst2_run1,base,90,9100,9100.0,0.22773704101564363,,592.9398139639777,592.9398139639777
exp_001,GA_n30_inst2_run1,base,100,10100,10100.0,0.25322545802919194,,592.9398139639777,592.9398139639777
exp_001,GA_n30_inst2_run1,base,110,11100,11100.0,0.27860458299983293,,592.9398139639777,592.9398139639777
exp_001,GA_n30_inst2_run1,base,120,12100,12100.0,0.3042476250557229,,592.9398139639777,592.9398139639777
exp_001,GA_n30_inst2_run1,base,130,13100,13100.0,0.32959000003756955,,592.9398139639777,592.9398139639777
exp_001,GA_n30_inst2_run1,base,140,14100,14100.0,0.35470733302645385,,592.9398139639777,592.9398139639777
exp_001,GA_n30_inst2_run1,base,150,15100,15100.0,0.38097883301088586,,587.4163884582558,587.4163884582558
exp_001,GA_n30_inst2_run1,base,160,16100,16100.0,0.40644804103067145,,587.4163884582558,587.4163884582558
exp_001,GA_n30_inst2_run1,base,170,17100,17100.0,0.4317291250335984,,587.4163884582558,587.4163884582558
exp_001,GA_n30_inst2_run1,base,180,18100,18100.0,0.4568467080243863,,587.4163884582558,587.4163884582558
exp_001,GA_n30_inst2_run1,base,190,19100,19100.0,0.4819047500495799,,587.4163884582558,587.4163884582558
exp_001,GA_n30_inst2_run1,base,200,20100,20100.0,0.507141208043322,,587.3920132312782,587.3920132312782
exp_001,GA_n30_inst2_run1,base,210,21100,21100.0,0.532397500006482,,587.3920132312782,587.3920132312782
exp_001,GA_n30_inst2_run1,base,220,22100,22100.0,0.5574233330553398,,587.3920132312782,587.3920132312782
exp_001,GA_n30_inst2_run1,base,230,23100,23100.0,0.5824875830439851,,577.7538859648607,577.7538859648607
exp_001,GA_n30_inst2_run1,base,240,24100,24100.0,0.6076595410122536,,577.7538859648607,577.7538859648607
exp_001,GA_n30_inst2_run1,base,250,25100,25100.0,0.6324546660180204,,577.7538859648607,577.7538859648607
exp_001,GA_n30_inst2_run1,base,260,26100,26100.0,0.6575916660367511,,577.7538859648607,577.7538859648607
exp_001,GA_n30_inst2_run1,base,270,27100,27100.0,0.6827187080052681,,576.140462989207,576.140462989207
exp_001,GA_n30_inst2_run1,base,280,28100,28100.0,0.7080165410297923,,554.1049583482312,554.1049583482312
exp_001,GA_n30_inst2_run1,base,290,29100,29100.0,0.733275875041727,,543.7061969129987,543.7061969129987
exp_001,GA_n30_inst2_run1,base,300,30100,30100.0,0.758384125016164,,542.7888923407519,542.7888923407519
exp_001,GA_n30_inst2_run1,base,310,31100,31100.0,0.7835743330069818,,542.7888923407519,542.7888923407519
exp_001,GA_n30_inst2_run1,base,320,32100,32100.0,0.8083140830276534,,526.0506848758573,526.0506848758573
exp_001,GA_n30_inst2_run1,base,330,33100,33100.0,0.8333639580523595,,512.518847868353,512.518847868353
exp_001,GA_n30_inst2_run1,base,340,34100,34100.0,0.8582595830084756,,489.25929345835226,489.25929345835226
exp_001,GA_n30_inst2_run1,base,350,35100,35100.0,0.8839352080249228,,489.25929345835226,489.25929345835226
exp_001,GA_n30_inst2_run1,base,360,36100,36100.0,0.9096355830552056,,489.25929345835226,489.25929345835226
exp_001,GA_n30_inst2_run1,base,370,37100,37100.0,0.9347780829994008,,489.25929345835226,489.25929345835226
exp_001,GA_n30_inst2_run1,base,380,38100,38100.0,0.9598763750400394,,489.25929345835226,489.25929345835226
exp_001,GA_n30_inst2_run1,base,390,39100,39100.0,0.9847902910551056,,489.25929345835226,489.25929345835226
exp_001,GA_n30_inst2_run1,base,400,40100,40100.0,1.0097695830045268,,489.25929345835226,489.25929345835226
exp_001,GA_n30_inst2_run1,base,410,41100,41100.0,1.034961708006449,,489.25929345835226,489.25929345835226
exp_001,GA_n30_inst2_run1,base,420,42100,42100.0,1.0598775410326198,,489.25929345835226,489.25929345835226
exp_001,GA_n30_inst2_run1,base,430,43100,43100.0,1.0849739160039462,,489.25929345835226,489.25929345835226
exp_001,GA_n30_inst2_run1,base,440,44100,44100.0,1.1100752500351518,,489.25929345835226,489.25929345835226
exp_001,GA_n30_inst2_run1,base,450,45100,45100.0,1.1348559580510482,,485.62346538498264,485.62346538498264
exp_001,GA_n30_inst2_run1,base,460,46100,46100.0,1.1598380000214092,,485.62346538498264,485.62346538498264
exp_001,GA_n30_inst2_run1,base,470,47100,47100.0,1.185037250048481,,482.68272122693236,482.68272122693236
exp_001,GA_n30_inst2_run1,base,480,48100,48100.0,1.2107585000339895,,473.3953365088408,473.3953365088408
exp_001,GA_n30_inst2_run1,base,490,49100,49100.0,1.2359427910414524,,467.42020053246097,467.42020053246097
exp_001,GA_n30_inst2_run2,base,0,100,100.0,7.92031642049551e-07,,1190.148664237756,1190.148664237756
exp_001,GA_n30_inst2_run2,base,10,1100,1100.0,0.025331542012281716,,850.1995020122176,850.1995020122176
exp_001,GA_n30_inst2_run2,base,20,2100,2100.0,0.050308542035054415,,688.8457163230448,688.8457163230448
exp_001,GA_n30_inst2_run2,base,30,3100,3100.0,0.07501258299453184,,688.8457163230448,688.8457163230448
exp_001,GA_n30_inst2_run2,base,40,4100,4100.0,0.10011966701131314,,676.0085977397523,676.0085977397523
exp_001,GA_n30_inst2_run2,base,50,5100,5100.0,0.12501795799471438,,676.0085977397523,676.0085977397523
exp_001,GA_n30_inst2_run2,base,60,6100,6100.0,0.1504111670074053,,666.6775070012911,666.6775070012911
exp_001,GA_n30_inst2_run2,base,70,7100,7100.0,0.17641058302251622,,666.6775070012911,666.6775070012911
exp_001,GA_n30_inst2_run2,base,80,8100,8100.0,0.20132133300649002,,666.6775070012911,666.6775070012911
exp_001,GA_n30_inst2_run2,base,90,9100,9100.0,0.22648991702590138,,666.6775070012911,666.6775070012911
exp_001,GA_n30_inst2_run2,base,100,10100,10100.0,0.2514294169959612,,666.6775070012911,666.6775070012911
exp_001,GA_n30_inst2_run2,base,110,11100,11100.0,0.2765713330009021,,666.6775070012911,666.6775070012911
exp_001,GA_n30_inst2_run2,base,120,12100,12100.0,0.3017241249908693,,666.6775070012911,666.6775070012911
exp_001,GA_n30_inst2_run2,base,130,13100,13100.0,0.3266657079802826,,666.6775070012911,666.6775070012911
exp_001,GA_n30_inst2_run2,base,140,14100,14100.0,0.35152391699375585,,666.6775070012911,666.6775070012911
exp_001,GA_n30_inst2_run2,base,150,15100,15100.0,0.37681333301588893,,666.6775070012911,666.6775070012911
exp_001,GA_n30_inst2_run2,base,160,16100,16100.0,0.40190904203336686,,666.6775070012911,666.6775070012911
exp_001,GA_n30_inst2_run2,base,170,17100,17100.0,0.42649508302565664,,666.6775070012911,666.6775070012911
exp_001,GA_n30_inst2_run2,base,180,18100,18100.0,0.451731999986805,,666.6775070012911,666.6775070012911
exp_001,GA_n30_inst2_run2,base,190,19100,19100.0,0.4770476670237258,,666.6775070012911,666.6775070012911
exp_001,GA_n30_inst2_run2,base,200,20100,20100.0,0.5018518330180086,,666.6775070012911,666.6775070012911
exp_001,GA_n30_inst2_run2,base,210,21100,21100.0,0.5268797500175424,,666.6775070012911,666.6775070012911
exp_001,GA_n30_inst2_run2,base,220,22100,22100.0,0.5519329170347191,,666.6775070012911,666.6775070012911
exp_001,GA_n30_inst2_run2,base,230,23100,23100.0,0.5768585419864394,,666.6775070012911,666.6775070012911
exp_001,GA_n30_inst2_run2,base,240,24100,24100.0,0.6017412500223145,,665.8911662180972,665.8911662180972
exp_001,GA_n30_inst2_run2,base,250,25100,25100.0,0.6267086670268327,,665.8911662180972,665.8911662180972
exp_001,GA_n30_inst2_run2,base,260,26100,26100.0,0.6517241250257939,,665.8911662180972,665.8911662180972
exp_001,GA_n30_inst2_run2,base,270,27100,27100.0,0.6777652080054395,,665.8911662180972,665.8911662180972
exp_001,GA_n30_inst2_run2,base,280,28100,28100.0,0.7027464170241728,,665.8911662180972,665.8911662180972
exp_001,GA_n30_inst2_run2,base,290,29100,29100.0,0.7277376669808291,,665.8911662180972,665.8911662180972
exp_001,GA_n30_inst2_run2,base,300,30100,30100.0,0.7527775830239989,,665.8911662180972,665.8911662180972
exp_001,GA_n30_inst2_run2,base,310,31100,31100.0,0.7784137080307119,,665.8911662180972,665.8911662180972
exp_001,GA_n30_inst2_run2,base,320,32100,32100.0,0.8037060420028865,,665.8911662180972,665.8911662180972
exp_001,GA_n30_inst2_run2,base,330,33100,33100.0,0.8289251250098459,,665.8911662180972,665.8911662180972
exp_001,GA_n30_inst2_run2,base,340,34100,34100.0,0.8547712920117192,,665.8911662180972,665.8911662180972
exp_001,GA_n30_inst2_run2,base,350,35100,35100.0,0.8814492499805056,,665.8911662180972,665.8911662180972
exp_001,GA_n30_inst2_run2,base,360,36100,36100.0,0.9082450830028392,,665.8911662180972,665.8911662180972
exp_001,GA_n30_inst2_run2,base,370,37100,37100.0,0.9348212080076337,,665.8911662180972,665.8911662180972
exp_001,GA_n30_inst2_run2,base,380,38100,38100.0,0.9611295830109157,,665.8911662180972,665.8911662180972
exp_001,GA_n30_inst2_run2,base,390,39100,39100.0,0.9874212919967249,,665.8911662180972,665.8911662180972
exp_001,GA_n30_inst2_run2,base,400,40100,40100.0,1.014076000021305,,665.8911662180972,665.8911662180972
exp_001,GA_n30_inst2_run2,base,410,41100,41100.0,1.0407232079887763,,665.8911662180972,665.8911662180972
exp_001,GA_n30_inst2_run2,base,420,42100,42100.0,1.0668802080326714,,665.8911662180972,665.8911662180972
exp_001,GA_n30_inst2_run2,base,430,43100,43100.0,1.094127791991923,,665.8911662180972,665.8911662180972
exp_001,GA_n30_inst2_run2,base,440,44100,44100.0,1.120486083033029,,665.8911662180972,665.8911662180972
exp_001,GA_n30_inst2_run2,base,450,45100,45100.0,1.1467069170321338,,665.8911662180972,665.8911662180972
exp_001,GA_n30_inst2_run2,base,460,46100,46100.0,1.174605917010922,,665.8911662180972,665.8911662180972
exp_001,GA_n30_inst2_run2,base,470,47100,47100.0,1.201207957987208,,665.8911662180972,665.8911662180972
exp_001,GA_n30_inst2_run2,base,480,48100,48100.0,1.2276263749809004,,665.8911662180972,665.8911662180972
exp_001,GA_n30_inst2_run2,base,490,49100,49100.0,1.2541353330016136,,665.8911662180972,665.8911662180972
exp_001,GA_n30_inst3_run0,base,0,100,100.0,8.750357665121555e-07,,1233.6313693286966,1233.6313693286966
exp_001,GA_n30_inst3_run0,base,10,1100,1100.0,0.026749417011160403,,858.4531169195665,858.4531169195665
exp_001,GA_n30_inst3_run0,base,20,2100,2100.0,0.05292683304287493,,732.1102350548729,732.1102350548729
exp_001,GA_n30_inst3_run0,base,30,3100,3100.0,0.07940562500152737,,658.3961540355912,658.3961540355912
exp_001,GA_n30_inst3_run0,base,40,4100,4100.0,0.10557366703869775,,652.0055168779629,652.0055168779629
exp_001,GA_n30_inst3_run0,base,50,5100,5100.0,0.13179312500869855,,652.0055168779629,652.0055168779629
exp_001,GA_n30_inst3_run0,base,60,6100,6100.0,0.15826350002316758,,652.0055168779629,652.0055168779629
exp_001,GA_n30_inst3_run0,base,70,7100,7100.0,0.18469554203329608,,652.0055168779629,652.0055168779629
exp_001,GA_n30_inst3_run0,base,80,8100,8100.0,0.21050016704248264,,652.0055168779629,652.0055168779629
exp_001,GA_n30_inst3_run0,base,90,9100,9100.0,0.2365569170215167,,652.0055168779629,652.0055168779629
exp_001,GA_n30_inst3_run0,base,100,10100,10100.0,0.26282425003591925,,652.0055168779629,652.0055168779629
exp_001,GA_n30_inst3_run0,base,110,11100,11100.0,0.28939562500454485,,652.0055168779629,652.0055168779629
exp_001,GA_n30_inst3_run0,base,120,12100,12100.0,0.3158807080471888,,652.0055168779629,652.0055168779629
exp_001,GA_n30_inst3_run0,base,130,13100,13100.0,0.3421421250095591,,652.0055168779629,652.0055168779629
exp_001,GA_n30_inst3_run0,base,140,14100,14100.0,0.3706602500169538,,652.0055168779629,652.0055168779629
exp_001,GA_n30_inst3_run0,base,150,15100,15100.0,0.4003881250391714,,652.0055168779629,652.0055168779629
exp_001,GA_n30_inst3_run0,base,160,16100,16100.0,0.42762637499254197,,652.0055168779629,652.0055168779629
exp_001,GA_n30_inst3_run0,base,170,17100,17100.0,0.4535252500209026,,652.0055168779629,652.0055168779629
exp_001,GA_n30_inst3_run0,base,180,18100,18100.0,0.47936737502459437,,652.0055168779629,652.0055168779629
exp_001,GA_n30_inst3_run0,base,190,19100,19100.0,0.5052469579968601,,647.38827142575,647.38827142575
exp_001,GA_n30_inst3_run0,base,200,20100,20100.0,0.5314171670470387,,638.4297109450458,638.4297109450458
exp_001,GA_n30_inst3_run0,base,210,21100,21100.0,0.5572872080374509,,638.4297109450458,638.4297109450458
exp_001,GA_n30_inst3_run0,base,220,22100,22100.0,0.5835047920118086,,638.4297109450458,638.4297109450458
exp_001,GA_n30_inst3_run0,base,230,23100,23100.0,0.6097252920153551,,638.4297109450458,638.4297109450458
exp_001,GA_n30_inst3_run0,base,240,24100,24100.0,0.6359277500305325,,638.4297109450458,638.4297109450458
exp_001,GA_n30_inst3_run0,base,250,25100,25100.0,0.6615137500339188,,638.4297109450458,638.4297109450458
exp_001,GA_n30_inst3_run0,base,260,26100,26100.0,0.6878419580170885,,638.4297109450458,638.4297109450458
exp_001,GA_n30_inst3_run0,base,270,27100,27100.0,0.715174917015247,,638.4297109450458,638.4297109450458
exp_001,GA_n30_inst3_run0,base,280,28100,28100.0,0.7418468749965541,,638.4297109450458,638.4297109450458
exp_001,GA_n30_inst3_run0,base,290,29100,29100.0,0.8314212500117719,,638.4297109450458,638.4297109450458
exp_001,GA_n30_inst3_run0,base,300,30100,30100.0,0.858669875015039,,638.4297109450458,638.4297109450458
exp_001,GA_n30_inst3_run0,base,310,31100,31100.0,0.8859379999921657,,638.4297109450458,638.4297109450458
exp_001,GA_n30_inst3_run0,base,320,32100,32100.0,0.9126469170441851,,638.4297109450458,638.4297109450458
exp_001,GA_n30_inst3_run0,base,330,33100,33100.0,0.939672792039346,,638.4297109450458,638.4297109450458
exp_001,GA_n30_inst3_run0,base,340,34100,34100.0,0.9660086670191959,,638.4297109450458,638.4297109450458
exp_001,GA_n30_inst3_run0,base,350,35100,35100.0,0.9919835420441814,,633.5756378009208,633.5756378009208
exp_001,GA_n30_inst3_run0,base,360,36100,36100.0,1.0183346249978058,,625.6542625295689,625.6542625295689
exp_001,GA_n30_inst3_run0,base,370,37100,37100.0,1.0439864580403082,,625.6542625295689,625.6542625295689
exp_001,GA_n30_inst3_run0,base,380,38100,38100.0,1.069299624999985,,625.6542625295689,625.6542625295689
exp_001,GA_n30_inst3_run0,base,390,39100,39100.0,1.094782166997902,,625.6542625295689,625.6542625295689
exp_001,GA_n30_inst3_run0,base,400,40100,40100.0,1.120461417012848,,625.6542625295689,625.6542625295689
exp_001,GA_n30_inst3_run0,base,410,41100,41100.0,1.1455361249973066,,625.6542625295689,625.6542625295689
exp_001,GA_n30_inst3_run0,base,420,42100,42100.0,1.170855708012823,,625.6542625295689,625.6542625295689
exp_001,GA_n30_inst3_run0,base,430,43100,43100.0,1.1962571250041947,,625.6542625295689,625.6542625295689
exp_001,GA_n30_inst3_run0,base,440,44100,44100.0,1.2212136670132168,,625.6542625295689,625.6542625295689
exp_001,GA_n30_inst3_run0,base,450,45100,45100.0,1.2464222499984317,,625.6542625295689,625.6542625295689
exp_001,GA_n30_inst3_run0,base,460,46100,46100.0,1.2715810830122791,,625.6542625295689,625.6542625295689
exp_001,GA_n30_inst3_run0,base,470,47100,47100.0,1.2967458750354126,,625.6542625295689,625.6542625295689
exp_001,GA_n30_inst3_run0,base,480,48100,48100.0,1.322013541997876,,625.6542625295689,625.6542625295689
exp_001,GA_n30_inst3_run0,base,490,49100,49100.0,1.347006916999817,,625.6542625295689,625.6542625295689
exp_001,GA_n30_inst3_run1,base,0,100,100.0,8.749775588512421e-07,,1212.4994950109121,1212.4994950109121
exp_001,GA_n30_inst3_run1,base,10,1100,1100.0,0.025388624984771013,,843.5486298161464,843.5486298161464
exp_001,GA_n30_inst3_run1,base,20,2100,2100.0,0.09844604198588058,,727.6109622468163,727.6109622468163
exp_001,GA_n30_inst3_run1,base,30,3100,3100.0,0.14426508295582607,,727.6109622468163,727.6109622468163
exp_001,GA_n30_inst3_run1,base,40,4100,4100.0,0.17979145795106888,,727.6109622468163,727.6109622468163
exp_001,GA_n30_inst3_run1,base,50,5100,5100.0,0.2110393749899231,,716.1176279917237,716.1176279917237
exp_001,GA_n30_inst3_run1,base,60,6100,6100.0,0.26873149996390566,,716.1176279917237,716.1176279917237
exp_001,GA_n30_inst3_run1,base,70,7100,7100.0,0.3011364999692887,,695.4904243762386,695.4904243762386
exp_001,GA_n30_inst3_run1,base,80,8100,8100.0,0.3347179580014199,,668.2263668088175,668.2263668088175
exp_001,GA_n30_inst3_run1,base,90,9100,9100.0,0.3857622499926947,,668.2263668088175,668.2263668088175
exp_001,GA_n30_inst3_run1,base,100,10100,10100.0,0.44681516697164625,,668.2263668088175,668.2263668088175
exp_001,GA_n30_inst3_run1,base,110,11100,11100.0,0.5493062500027008,,646.2721495363438,646.2721495363438
exp_001,GA_n30_inst3_run1,base,120,12100,12100.0,0.6184314169804566,,646.2721495363438,646.2721495363438
exp_001,GA_n30_inst3_run1,base,130,13100,13100.0,0.6661887079826556,,640.3110986790858,640.3110986790858
exp_001,GA_n30_inst3_run1,base,140,14100,14100.0,0.7190312919556163,,635.6149987172087,635.6149987172087
exp_001,GA_n30_inst3_run1,base,150,15100,15100.0,0.7507820419850759,,635.0276565255728,635.0276565255728
exp_001,GA_n30_inst3_run1,base,160,16100,16100.0,0.7948311669752002,,635.0276565255728,635.0276565255728
exp_001,GA_n30_inst3_run1,base,170,17100,17100.0,0.8310920419753529,,623.6295119868518,623.6295119868518
exp_001,GA_n30_inst3_run1,base,180,18100,18100.0,0.8624839169788174,,623.6295119868518,623.6295119868518
exp_001,GA_n30_inst3_run1,base,190,19100,19100.0,0.8933671249542385,,623.6295119868518,623.6295119868518
exp_001,GA_n30_inst3_run1,base,200,20100,20100.0,1.0228667499613948,,623.6295119868518,623.6295119868518
exp_001,GA_n30_inst3_run1,base,210,21100,21100.0,1.0789948749588802,,619.1806238271126,619.1806238271126
exp_001,GA_n30_inst3_run1,base,220,22100,22100.0,1.1169105829903856,,619.1806238271126,619.1806238271126
exp_001,GA_n30_inst3_run1,base,230,23100,23100.0,1.1538772079511546,,619.1806238271126,619.1806238271126
exp_001,GA_n30_inst3_run1,base,240,24100,24100.0,1.1996740419999696,,619.1806238271126,619.1806238271126
exp_001,GA_n30_inst3_run1,base,250,25100,25100.0,1.2376221669837832,,619.1806238271126,619.1806238271126
exp_001,GA_n30_inst3_run1,base,260,26100,26100.0,1.270160166954156,,619.1806238271126,619.1806238271126
exp_001,GA_n30_inst3_run1,base,270,27100,27100.0,1.3013455829932354,,619.1806238271126,619.1806238271126
exp_001,GA_n30_inst3_run1,base,280,28100,28100.0,1.329463250003755,,619.1806238271126,619.1806238271126
exp_001,GA_n30_inst3_run1,base,290,29100,29100.0,1.3587519999709912,,619.1806238271126,619.1806238271126
exp_001,GA_n30_inst3_run1,base,300,30100,30100.0,1.3862831669976003,,619.1806238271126,619.1806238271126
exp_001,GA_n30_inst3_run1,base,310,31100,31100.0,1.4147534579969943,,619.1806238271126,619.1806238271126
exp_001,GA_n30_inst3_run1,base,320,32100,32100.0,1.4459855000022799,,619.1806238271126,619.1806238271126
exp_001,GA_n30_inst3_run1,base,330,33100,33100.0,1.4765208329772577,,619.1806238271126,619.1806238271126
exp_001,GA_n30_inst3_run1,base,340,34100,34100.0,1.5050831669941545,,619.1806238271126,619.1806238271126
exp_001,GA_n30_inst3_run1,base,350,35100,35100.0,1.54297345795203,,619.1806238271126,619.1806238271126
exp_001,GA_n30_inst3_run1,base,360,36100,36100.0,1.580870124977082,,619.1806238271126,619.1806238271126
exp_001,GA_n30_inst3_run1,base,370,37100,37100.0,1.618091957992874,,619.1806238271126,619.1806238271126
exp_001,GA_n30_inst3_run1,base,380,38100,38100.0,1.6580373749602586,,619.1806238271126,619.1806238271126
exp_001,GA_n30_inst3_run1,base,390,39100,39100.0,1.700063832977321,,619.1806238271126,619.1806238271126
exp_001,GA_n30_inst3_run1,base,400,40100,40100.0,1.7440934169571847,,619.1806238271126,619.1806238271126
exp_001,GA_n30_inst3_run1,base,410,41100,41100.0,1.792244791984558,,619.1806238271126,619.1806238271126
exp_001,GA_n30_inst3_run1,base,420,42100,42100.0,1.832035708008334,,619.1806238271126,619.1806238271126
exp_001,GA_n30_inst3_run1,base,430,43100,43100.0,1.8661652919836342,,619.1806238271126,619.1806238271126
exp_001,GA_n30_inst3_run1,base,440,44100,44100.0,1.8975553329801187,,619.1806238271126,619.1806238271126
exp_001,GA_n30_inst3_run1,base,450,45100,45100.0,1.930830082972534,,619.1806238271126,619.1806238271126
exp_001,GA_n30_inst3_run1,base,460,46100,46100.0,1.9661659999983385,,619.1806238271126,619.1806238271126
exp_001,GA_n30_inst3_run1,base,470,47100,47100.0,1.9993443329585716,,619.1806238271126,619.1806238271126
exp_001,GA_n30_inst3_run1,base,480,48100,48100.0,2.0327776249614544,,619.1806238271126,619.1806238271126
exp_001,GA_n30_inst3_run1,base,490,49100,49100.0,2.066351166984532,,619.1806238271126,619.1806238271126
exp_001,GA_n30_inst3_run2,base,0,100,100.0,9.59029421210289e-07,,1226.1471867050193,1226.1471867050193
exp_001,GA_n30_inst3_run2,base,10,1100,1100.0,0.03043583402177319,,848.2903783223375,848.2903783223375
exp_001,GA_n30_inst3_run2,base,20,2100,2100.0,0.06058749998919666,,706.7627332194445,706.7627332194445
exp_001,GA_n30_inst3_run2,base,30,3100,3100.0,0.0899236670229584,,678.2046990059413,678.2046990059413
exp_001,GA_n30_inst3_run2,base,40,4100,4100.0,0.1253654999891296,,678.2046990059413,678.2046990059413
exp_001,GA_n30_inst3_run2,base,50,5100,5100.0,0.1724690420087427,,674.6413221537051,674.6413221537051
exp_001,GA_n30_inst3_run2,base,60,6100,6100.0,0.20275008399039507,,674.6413221537051,674.6413221537051
exp_001,GA_n30_inst3_run2,base,70,7100,7100.0,0.23281458398560062,,670.6857247819979,670.6857247819979
exp_001,GA_n30_inst3_run2,base,80,8100,8100.0,0.26738604198908433,,649.1368233452141,649.1368233452141
exp_001,GA_n30_inst3_run2,base,90,9100,9100.0,0.2973360419855453,,625.28584687151,625.28584687151
exp_001,GA_n30_inst3_run2,base,100,10100,10100.0,0.32543808402260765,,605.7788778629466,605.7788778629466
exp_001,GA_n30_inst3_run2,base,110,11100,11100.0,0.3547596670105122,,602.3869570423884,602.3869570423884
exp_001,GA_n30_inst3_run2,base,120,12100,12100.0,0.4641825419967063,,590.6745010845539,590.6745010845539
exp_001,GA_n30_inst3_run2,base,130,13100,13100.0,0.49258991703391075,,590.6745010845539,590.6745010845539
exp_001,GA_n30_inst3_run2,base,140,14100,14100.0,0.520029874984175,,590.6745010845539,590.6745010845539
exp_001,GA_n30_inst3_run2,base,150,15100,15100.0,0.5476765839848667,,590.6745010845539,590.6745010845539
exp_001,GA_n30_inst3_run2,base,160,16100,16100.0,0.5743470840388909,,590.6745010845539,590.6745010845539
exp_001,GA_n30_inst3_run2,base,170,17100,17100.0,0.6013092090142891,,590.0921309626443,590.0921309626443
exp_001,GA_n30_inst3_run2,base,180,18100,18100.0,0.627225709031336,,590.0921309626443,590.0921309626443
exp_001,GA_n30_inst3_run2,base,190,19100,19100.0,0.6537874169880524,,590.0921309626443,590.0921309626443
exp_001,GA_n30_inst3_run2,base,200,20100,20100.0,0.6803359999903478,,590.0921309626443,590.0921309626443
exp_001,GA_n30_inst3_run2,base,210,21100,21100.0,0.7061387090361677,,590.0921309626443,590.0921309626443
exp_001,GA_n30_inst3_run2,base,220,22100,22100.0,0.7332030840334482,,590.0921309626443,590.0921309626443
exp_001,GA_n30_inst3_run2,base,230,23100,23100.0,0.759168624994345,,590.0921309626443,590.0921309626443
exp_001,GA_n30_inst3_run2,base,240,24100,24100.0,0.7850714169908315,,590.0921309626443,590.0921309626443
exp_001,GA_n30_inst3_run2,base,250,25100,25100.0,0.8118336250190623,,590.0921309626443,590.0921309626443
exp_001,GA_n30_inst3_run2,base,260,26100,26100.0,0.8378904589917511,,590.0921309626443,590.0921309626443
exp_001,GA_n30_inst3_run2,base,270,27100,27100.0,0.8679307500133291,,590.0921309626443,590.0921309626443
exp_001,GA_n30_inst3_run2,base,280,28100,28100.0,0.8946690420270897,,583.1353732533224,583.1353732533224
exp_001,GA_n30_inst3_run2,base,290,29100,29100.0,0.9212472090148367,,583.1353732533224,583.1353732533224
exp_001,GA_n30_inst3_run2,base,300,30100,30100.0,0.949278875021264,,583.1353732533224,583.1353732533224
exp_001,GA_n30_inst3_run2,base,310,31100,31100.0,0.9825838340329938,,583.1353732533224,583.1353732533224
exp_001,GA_n30_inst3_run2,base,320,32100,32100.0,1.0112556249951012,,583.1353732533224,583.1353732533224
exp_001,GA_n30_inst3_run2,base,330,33100,33100.0,1.0386235000332817,,583.1353732533224,583.1353732533224
exp_001,GA_n30_inst3_run2,base,340,34100,34100.0,1.0664350420120172,,580.2878541347973,580.2878541347973
exp_001,GA_n30_inst3_run2,base,350,35100,35100.0,1.0945737090078183,,580.2878541347973,580.2878541347973
exp_001,GA_n30_inst3_run2,base,360,36100,36100.0,1.1222942090244032,,580.2878541347973,580.2878541347973
exp_001,GA_n30_inst3_run2,base,370,37100,37100.0,1.1509443339891732,,580.2878541347973,580.2878541347973
exp_001,GA_n30_inst3_run2,base,380,38100,38100.0,1.1790200840332545,,580.2878541347973,580.2878541347973
exp_001,GA_n30_inst3_run2,base,390,39100,39100.0,1.207241541997064,,580.2878541347973,580.2878541347973
exp_001,GA_n30_inst3_run2,base,400,40100,40100.0,1.2350382920121774,,580.2878541347973,580.2878541347973
exp_001,GA_n30_inst3_run2,base,410,41100,41100.0,1.26536020898493,,580.2878541347973,580.2878541347973
exp_001,GA_n30_inst3_run2,base,420,42100,42100.0,1.2974922499852255,,580.2878541347973,580.2878541347973
exp_001,GA_n30_inst3_run2,base,430,43100,43100.0,1.329645125020761,,580.2878541347973,580.2878541347973
exp_001,GA_n30_inst3_run2,base,440,44100,44100.0,1.361144708993379,,580.2878541347973,580.2878541347973
exp_001,GA_n30_inst3_run2,base,450,45100,45100.0,1.3897781670093536,,580.2878541347973,580.2878541347973
exp_001,GA_n30_inst3_run2,base,460,46100,46100.0,1.4188330420292914,,580.2878541347973,580.2878541347973
exp_001,GA_n30_inst3_run2,base,470,47100,47100.0,1.4470007920172065,,580.2878541347973,580.2878541347973
exp_001,GA_n30_inst3_run2,base,480,48100,48100.0,1.4737396250129677,,570.1464287680556,570.1464287680556
exp_001,GA_n30_inst3_run2,base,490,49100,49100.0,1.5013736250111833,,564.4605345013033,564.4605345013033
exp_001,GA_n30_inst4_run0,base,0,100,100.0,1.458043698221445e-06,,1247.4281967812983,1247.4281967812983
exp_001,GA_n30_inst4_run0,base,10,1100,1100.0,0.02836004103301093,,799.2243246621658,799.2243246621658
exp_001,GA_n30_inst4_run0,base,20,2100,2100.0,0.05712483305251226,,673.4516761372338,673.4516761372338
exp_001,GA_n30_inst4_run0,base,30,3100,3100.0,0.08751066599506885,,628.047699780393,628.047699780393
exp_001,GA_n30_inst4_run0,base,40,4100,4100.0,0.11444083304377273,,622.1525442828822,622.1525442828822
exp_001,GA_n30_inst4_run0,base,50,5100,5100.0,0.14105683303205296,,622.1525442828822,622.1525442828822
exp_001,GA_n30_inst4_run0,base,60,6100,6100.0,0.1677119160303846,,615.4862895875497,615.4862895875497
exp_001,GA_n30_inst4_run0,base,70,7100,7100.0,0.19496858300408348,,615.4862895875497,615.4862895875497
exp_001,GA_n30_inst4_run0,base,80,8100,8100.0,0.22208187502110377,,615.4862895875497,615.4862895875497
exp_001,GA_n30_inst4_run0,base,90,9100,9100.0,0.24890587502159178,,615.4862895875497,615.4862895875497
exp_001,GA_n30_inst4_run0,base,100,10100,10100.0,0.278176166000776,,615.4862895875497,615.4862895875497
exp_001,GA_n30_inst4_run0,base,110,11100,11100.0,0.31081416603410617,,607.7636617700645,607.7636617700645
exp_001,GA_n30_inst4_run0,base,120,12100,12100.0,0.34018512500915676,,590.4390480624837,590.4390480624837
exp_001,GA_n30_inst4_run0,base,130,13100,13100.0,0.36734641599468887,,590.4390480624837,590.4390480624837
exp_001,GA_n30_inst4_run0,base,140,14100,14100.0,0.3938729159999639,,590.4390480624837,590.4390480624837
exp_001,GA_n30_inst4_run0,base,150,15100,15100.0,0.4204690830083564,,562.0788149298186,562.0788149298186
exp_001,GA_n30_inst4_run0,base,160,16100,16100.0,0.4477642500423826,,562.0788149298186,562.0788149298186
exp_001,GA_n30_inst4_run0,base,170,17100,17100.0,0.4744487500283867,,562.0788149298186,562.0788149298186
exp_001,GA_n30_inst4_run0,base,180,18100,18100.0,0.5018691660370678,,562.0788149298186,562.0788149298186
exp_001,GA_n30_inst4_run0,base,190,19100,19100.0,0.5288480410235934,,556.4344830109088,556.4344830109088
exp_001,GA_n30_inst4_run0,base,200,20100,20100.0,0.5559598330291919,,556.4344830109088,556.4344830109088
exp_001,GA_n30_inst4_run0,base,210,21100,21100.0,0.5888507080380805,,556.4344830109088,556.4344830109088
exp_001,GA_n30_inst4_run0,base,220,22100,22100.0,0.6472731660469435,,556.4344830109088,556.4344830109088
exp_001,GA_n30_inst4_run0,base,230,23100,23100.0,0.7079648750368506,,556.4344830109088,556.4344830109088
exp_001,GA_n30_inst4_run0,base,240,24100,24100.0,0.7415964160463773,,539.01335466829,539.01335466829
exp_001,GA_n30_inst4_run0,base,250,25100,25100.0,0.7731667500338517,,539.01335466829,539.01335466829
exp_001,GA_n30_inst4_run0,base,260,26100,26100.0,0.8045057080453262,,539.01335466829,539.01335466829
exp_001,GA_n30_inst4_run0,base,270,27100,27100.0,0.8315258329967037,,539.01335466829,539.01335466829
exp_001,GA_n30_inst4_run0,base,280,28100,28100.0,0.859427165996749,,539.01335466829,539.01335466829
exp_001,GA_n30_inst4_run0,base,290,29100,29100.0,0.9029201660305262,,539.01335466829,539.01335466829
exp_001,GA_n30_inst4_run0,base,300,30100,30100.0,0.9378506250213832,,539.01335466829,539.01335466829
exp_001,GA_n30_inst4_run0,base,310,31100,31100.0,0.9712800410343334,,539.01335466829,539.01335466829
exp_001,GA_n30_inst4_run0,base,320,32100,32100.0,1.0004546660347842,,539.01335466829,539.01335466829
exp_001,GA_n30_inst4_run0,base,330,33100,33100.0,1.0356926660169847,,538.3801360687359,538.3801360687359
exp_001,GA_n30_inst4_run0,base,340,34100,34100.0,1.0685630830121227,,513.5900022353967,513.5900022353967
exp_001,GA_n30_inst4_run0,base,350,35100,35100.0,1.103834416018799,,513.5900022353967,513.5900022353967
exp_001,GA_n30_inst4_run0,base,360,36100,36100.0,1.1346873750444502,,513.5900022353967,513.5900022353967
exp_001,GA_n30_inst4_run0,base,370,37100,37100.0,1.1623193750274368,,513.5900022353967,513.5900022353967
exp_001,GA_n30_inst4_run0,base,380,38100,38100.0,1.1937027079984546,,493.78966702115855,493.78966702115855
exp_001,GA_n30_inst4_run0,base,390,39100,39100.0,1.223296708019916,,493.78966702115855,493.78966702115855
exp_001,GA_n30_inst4_run0,base,400,40100,40100.0,1.2508690410177223,,493.78966702115855,493.78966702115855
exp_001,GA_n30_inst4_run0,base,410,41100,41100.0,1.288264541013632,,493.78966702115855,493.78966702115855
exp_001,GA_n30_inst4_run0,base,420,42100,42100.0,1.318926875013858,,493.78966702115855,493.78966702115855
exp_001,GA_n30_inst4_run0,base,430,43100,43100.0,1.345967791043222,,493.78966702115855,493.78966702115855
exp_001,GA_n30_inst4_run0,base,440,44100,44100.0,1.3748827910167165,,493.78966702115855,493.78966702115855
exp_001,GA_n30_inst4_run0,base,450,45100,45100.0,1.4013917910051532,,493.78966702115855,493.78966702115855
exp_001,GA_n30_inst4_run0,base,460,46100,46100.0,1.427861500007566,,493.78966702115855,493.78966702115855
exp_001,GA_n30_inst4_run0,base,470,47100,47100.0,1.4536405830294825,,493.78966702115855,493.78966702115855
exp_001,GA_n30_inst4_run0,base,480,48100,48100.0,1.4796437500044703,,493.78966702115855,493.78966702115855
exp_001,GA_n30_inst4_run0,base,490,49100,49100.0,1.5059667080058716,,489.7321642273779,489.7321642273779
exp_001,GA_n30_inst4_run1,base,0,100,100.0,9.5803989097476e-07,,1233.802941418048,1233.802941418048
exp_001,GA_n30_inst4_run1,base,10,1100,1100.0,0.025633707991801202,,885.6333235160553,885.6333235160553
exp_001,GA_n30_inst4_run1,base,20,2100,2100.0,0.05221737502142787,,706.5303852708286,706.5303852708286
exp_001,GA_n30_inst4_run1,base,30,3100,3100.0,0.07904779101954773,,706.5303852708286,706.5303852708286
exp_001,GA_n30_inst4_run1,base,40,4100,4100.0,0.1063290000311099,,667.7083827842354,667.7083827842354
exp_001,GA_n30_inst4_run1,base,50,5100,5100.0,0.1326296660117805,,655.257631488564,655.257631488564
exp_001,GA_n30_inst4_run1,base,60,6100,6100.0,0.15857112500816584,,647.5019988211296,647.5019988211296
exp_001,GA_n30_inst4_run1,base,70,7100,7100.0,0.1845810409868136,,641.918311907899,641.918311907899
exp_001,GA_n30_inst4_run1,base,80,8100,8100.0,0.21051704103592783,,641.918311907899,641.918311907899
exp_001,GA_n30_inst4_run1,base,90,9100,9100.0,0.23618437501136214,,641.918311907899,641.918311907899
exp_001,GA_n30_inst4_run1,base,100,10100,10100.0,0.2628499160055071,,641.918311907899,641.918311907899
exp_001,GA_n30_inst4_run1,base,110,11100,11100.0,0.28926337498705834,,641.918311907899,641.918311907899
exp_001,GA_n30_inst4_run1,base,120,12100,12100.0,0.31561866600532085,,612.6298596179622,612.6298596179622
exp_001,GA_n30_inst4_run1,base,130,13100,13100.0,0.3414438330219127,,612.6298596179622,612.6298596179622
exp_001,GA_n30_inst4_run1,base,140,14100,14100.0,0.36658633302431554,,612.6298596179622,612.6298596179622
exp_001,GA_n30_inst4_run1,base,150,15100,15100.0,0.3927046660101041,,612.6298596179622,612.6298596179622
exp_001,GA_n30_inst4_run1,base,160,16100,16100.0,0.4201676250086166,,612.6298596179622,612.6298596179622
exp_001,GA_n30_inst4_run1,base,170,17100,17100.0,0.4477065830142237,,612.6298596179622,612.6298596179622
exp_001,GA_n30_inst4_run1,base,180,18100,18100.0,0.48419149999972433,,600.2894679705576,600.2894679705576
exp_001,GA_n30_inst4_run1,base,190,19100,19100.0,0.5136170000187121,,600.2894679705576,600.2894679705576
exp_001,GA_n30_inst4_run1,base,200,20100,20100.0,0.5465336249908432,,586.3976291372635,586.3976291372635
exp_001,GA_n30_inst4_run1,base,210,21100,21100.0,0.5767662500147708,,586.3976291372635,586.3976291372635
exp_001,GA_n30_inst4_run1,base,220,22100,22100.0,0.6056801659869961,,586.3976291372635,586.3976291372635
exp_001,GA_n30_inst4_run1,base,230,23100,23100.0,0.6327400830341503,,579.596323561284,579.596323561284
exp_001,GA_n30_inst4_run1,base,240,24100,24100.0,0.6594132910249755,,579.596323561284,579.596323561284
exp_001,GA_n30_inst4_run1,base,250,25100,25100.0,0.6846755410078913,,579.596323561284,579.596323561284
exp_001,GA_n30_inst4_run1,base,260,26100,26100.0,0.7109645410091616,,579.596323561284,579.596323561284
exp_001,GA_n30_inst4_run1,base,270,27100,27100.0,0.7372685830341652,,578.7756695043761,578.7756695043761
exp_001,GA_n30_inst4_run1,base,280,28100,28100.0,0.7634836250217631,,578.7756695043761,578.7756695043761
exp_001,GA_n30_inst4_run1,base,290,29100,29100.0,0.7894477500231005,,578.7756695043761,578.7756695043761
exp_001,GA_n30_inst4_run1,base,300,30100,30100.0,0.8168697910150513,,578.7756695043761,578.7756695043761
exp_001,GA_n30_inst4_run1,base,310,31100,31100.0,0.8465726250433363,,578.7756695043761,578.7756695043761
exp_001,GA_n30_inst4_run1,base,320,32100,32100.0,0.8723172080353834,,578.7756695043761,578.7756695043761
exp_001,GA_n30_inst4_run1,base,330,33100,33100.0,0.8979595410055481,,578.7756695043761,578.7756695043761
exp_001,GA_n30_inst4_run1,base,340,34100,34100.0,0.9234943329938687,,578.7756695043761,578.7756695043761
exp_001,GA_n30_inst4_run1,base,350,35100,35100.0,0.9490139579866081,,578.7756695043761,578.7756695043761
exp_001,GA_n30_inst4_run1,base,360,36100,36100.0,0.9745035000378266,,578.7756695043761,578.7756695043761
exp_001,GA_n30_inst4_run1,base,370,37100,37100.0,0.9998568330192938,,578.7756695043761,578.7756695043761
exp_001,GA_n30_inst4_run1,base,380,38100,38100.0,1.0250707500381395,,578.7756695043761,578.7756695043761
exp_001,GA_n30_inst4_run1,base,390,39100,39100.0,1.0502740410156548,,578.7756695043761,578.7756695043761
exp_001,GA_n30_inst4_run1,base,400,40100,40100.0,1.0753783750114962,,578.7756695043761,578.7756695043761
exp_001,GA_n30_inst4_run1,base,410,41100,41100.0,1.1007445830036886,,578.7756695043761,578.7756695043761
exp_001,GA_n30_inst4_run1,base,420,42100,42100.0,1.1255382079980336,,578.7756695043761,578.7756695043761
exp_001,GA_n30_inst4_run1,base,430,43100,43100.0,1.1508805410121568,,578.7756695043761,578.7756695043761
exp_001,GA_n30_inst4_run1,base,440,44100,44100.0,1.1767332080053166,,578.7756695043761,578.7756695043761
exp_001,GA_n30_inst4_run1,base,450,45100,45100.0,1.2030022910330445,,578.7756695043761,578.7756695043761
exp_001,GA_n30_inst4_run1,base,460,46100,46100.0,1.22939212503843,,578.7756695043761,578.7756695043761
exp_001,GA_n30_inst4_run1,base,470,47100,47100.0,1.2559268749901094,,578.7756695043761,578.7756695043761
exp_001,GA_n30_inst4_run1,base,480,48100,48100.0,1.282361374993343,,578.7756695043761,578.7756695043761
exp_001,GA_n30_inst4_run1,base,490,49100,49100.0,1.3104274999932386,,578.7756695043761,578.7756695043761
exp_001,GA_n30_inst4_run2,base,0,100,100.0,9.169452823698521e-07,,1178.0833748937598,1178.0833748937598
exp_001,GA_n30_inst4_run2,base,10,1100,1100.0,0.027129874972160906,,792.8437189176499,792.8437189176499
exp_001,GA_n30_inst4_run2,base,20,2100,2100.0,0.05332812498090789,,675.4138782453257,675.4138782453257
exp_001,GA_n30_inst4_run2,base,30,3100,3100.0,0.07840979198226705,,654.2737083265281,654.2737083265281
exp_001,GA_n30_inst4_run2,base,40,4100,4100.0,0.1037843749509193,,654.2737083265281,654.2737083265281
exp_001,GA_n30_inst4_run2,base,50,5100,5100.0,0.12926124996738508,,654.2737083265281,654.2737083265281
exp_001,GA_n30_inst4_run2,base,60,6100,6100.0,0.1548067089752294,,654.2737083265281,654.2737083265281
exp_001,GA_n30_inst4_run2,base,70,7100,7100.0,0.18030220898799598,,654.2737083265281,654.2737083265281
exp_001,GA_n30_inst4_run2,base,80,8100,8100.0,0.2059763339930214,,644.555192755561,644.555192755561
exp_001,GA_n30_inst4_run2,base,90,9100,9100.0,0.2315934999496676,,644.555192755561,644.555192755561
exp_001,GA_n30_inst4_run2,base,100,10100,10100.0,0.2577827089698985,,635.2363330367369,635.2363330367369
exp_001,GA_n30_inst4_run2,base,110,11100,11100.0,0.284616416960489,,635.2363330367369,635.2363330367369
exp_001,GA_n30_inst4_run2,base,120,12100,12100.0,0.3111483339453116,,635.2363330367369,635.2363330367369
exp_001,GA_n30_inst4_run2,base,130,13100,13100.0,0.337050249974709,,635.2363330367369,635.2363330367369
exp_001,GA_n30_inst4_run2,base,140,14100,14100.0,0.36430687498068437,,623.5362105178497,623.5362105178497
exp_001,GA_n30_inst4_run2,base,150,15100,15100.0,0.39072087494423613,,623.5362105178497,623.5362105178497
exp_001,GA_n30_inst4_run2,base,160,16100,16100.0,0.41769462497904897,,623.5362105178497,623.5362105178497
exp_001,GA_n30_inst4_run2,base,170,17100,17100.0,0.4608539999462664,,623.5362105178497,623.5362105178497
exp_001,GA_n30_inst4_run2,base,180,18100,18100.0,0.49708166695199907,,623.5362105178497,623.5362105178497
exp_001,GA_n30_inst4_run2,base,190,19100,19100.0,0.5279274169588462,,623.5362105178497,623.5362105178497
exp_001,GA_n30_inst4_run2,base,200,20100,20100.0,0.5719545839820057,,623.5362105178497,623.5362105178497
exp_001,GA_n30_inst4_run2,base,210,21100,21100.0,0.5998542919987813,,623.5362105178497,623.5362105178497
exp_001,GA_n30_inst4_run2,base,220,22100,22100.0,0.6282603339641355,,620.9341320960154,620.9341320960154
exp_001,GA_n30_inst4_run2,base,230,23100,23100.0,0.6554254999500699,,620.9341320960154,620.9341320960154
exp_001,GA_n30_inst4_run2,base,240,24100,24100.0,0.6819534589885734,,620.0262518095994,620.0262518095994
exp_001,GA_n30_inst4_run2,base,250,25100,25100.0,0.7122680839966051,,620.0262518095994,620.0262518095994
exp_001,GA_n30_inst4_run2,base,260,26100,26100.0,0.74314879195299,,620.0262518095994,620.0262518095994
exp_001,GA_n30_inst4_run2,base,270,27100,27100.0,0.7699317919905297,,620.0262518095994,620.0262518095994
exp_001,GA_n30_inst4_run2,base,280,28100,28100.0,0.79585487494478,,616.663142013329,616.663142013329
exp_001,GA_n30_inst4_run2,base,290,29100,29100.0,0.8223283749539405,,607.5759595566137,607.5759595566137
exp_001,GA_n30_inst4_run2,base,300,30100,30100.0,0.8509365419740789,,604.5914354510599,604.5914354510599
exp_001,GA_n30_inst4_run2,base,310,31100,31100.0,0.8792224169592373,,602.0549267131619,602.0549267131619
exp_001,GA_n30_inst4_run2,base,320,32100,32100.0,0.9051113339955918,,602.0549267131619,602.0549267131619
exp_001,GA_n30_inst4_run2,base,330,33100,33100.0,0.9309169999905862,,602.0549267131619,602.0549267131619
exp_001,GA_n30_inst4_run2,base,340,34100,34100.0,0.9569037919864058,,602.0549267131619,602.0549267131619
exp_001,GA_n30_inst4_run2,base,350,35100,35100.0,0.9828813749481924,,602.0549267131619,602.0549267131619
exp_001,GA_n30_inst4_run2,base,360,36100,36100.0,1.0091631669783965,,602.0549267131619,602.0549267131619
exp_001,GA_n30_inst4_run2,base,370,37100,37100.0,1.0348232919932343,,602.0549267131619,602.0549267131619
exp_001,GA_n30_inst4_run2,base,380,38100,38100.0,1.0622919999877922,,602.0549267131619,602.0549267131619
exp_001,GA_n30_inst4_run2,base,390,39100,39100.0,1.0886635419446975,,602.0549267131619,602.0549267131619
exp_001,GA_n30_inst4_run2,base,400,40100,40100.0,1.1140977919567376,,602.0549267131619,602.0549267131619
exp_001,GA_n30_inst4_run2,base,410,41100,41100.0,1.1405732919811271,,602.0549267131619,602.0549267131619
exp_001,GA_n30_inst4_run2,base,420,42100,42100.0,1.1666058339760639,,602.0549267131619,602.0549267131619
exp_001,GA_n30_inst4_run2,base,430,43100,43100.0,1.1921034589759074,,602.0549267131619,602.0549267131619
exp_001,GA_n30_inst4_run2,base,440,44100,44100.0,1.2175415419624187,,602.0549267131619,602.0549267131619
exp_001,GA_n30_inst4_run2,base,450,45100,45100.0,1.2425481669488363,,602.0549267131619,602.0549267131619
exp_001,GA_n30_inst4_run2,base,460,46100,46100.0,1.2678706249571405,,602.0549267131619,602.0549267131619
exp_001,GA_n30_inst4_run2,base,470,47100,47100.0,1.293261166953016,,602.0549267131619,602.0549267131619
exp_001,GA_n30_inst4_run2,base,480,48100,48100.0,1.3182437499635853,,602.0549267131619,602.0549267131619
exp_001,GA_n30_inst4_run2,base,490,49100,49100.0,1.3430673749535345,,602.0549267131619,602.0549267131619
